<?xml version="1.0" encoding="UTF-8" ?>
<extension type="package" version="2.5">
<name>English en-GB Language Pack</name>
<packagename>en-GB</packagename>
<version>2.5.22.1</version>
<url></url>
<packager></packager>
<packagerurl></packagerurl>
<description>2.5.22.1 Joomla! English (United Kingdom) Language Package</description>
<files>
        <file type="language" client="administrator" id="en-US">admin_en-GB.zip</file>
        <file type="language" client="site" id="en-US">site_en-GB.zip</file>
</files>
<updateservers>
<server type="collection" priority="1" name="Accredited Joomla! Translations">http://update.joomla.org/language/translationlist.xml</server>
</updateservers>
</extension>